<xmap>
<doc type="exd" name="Exchange850">
<node type="table" name="OrderHeader_0010">
<node type="field" name="RefKey1"/>
<node type="field" name="RefKey2"/>
<node type="field" name="RefKey3"/>
<node type="field" name="RefKey4"/>
<node type="field" name="RefKey5"/>
<node type="field" name="Record_Layout"/>
<node type="field" name="Record_Qualifier"/>
<node type="field" name="Transaction_Method"/>
<node type="field" name="Test_Indicator"/>
<node type="field" name="Document_Id"/>
<node type="field" name="Document_Type"/>
<node type="field" name="Doc_Purpose_Code"/>
<node type="field" name="Document_Code"/>
<node type="field" name="TP_Translator_Code"/>
<node type="field" name="TP_Location_Code"/>
<node type="field" name="Ship To Address Location Code"/>
<node type="field" name="TP_Description"/>
<node type="field" name="TP_Reference_EXT1"/>
<node type="field" name="TP_Reference_EXT2"/>
<node type="field" name="Trans_Date"/>
<node type="field" name="Trans_Date_Filler"/>
<node type="field" name="Trans_Date_Time"/>
<node type="field" name="Transaction_Run_Id"/>
<node type="field" name="Document_Standard"/>
<node type="field" name="TP_Org_Id"/>
<node type="field" name="Control1"/>
<node type="field" name="Control2"/>
<node type="field" name="Control3"/>
<node type="field" name="Check_DropShip"/>
<node type="table" name="OrderHeader_1000">
<node type="field" name="TP_Code"/>
<node type="field" name="RefKey1"/>
<node type="field" name="RefKey2"/>
<node type="field" name="RefKey3"/>
<node type="field" name="RefKey4"/>
<node type="field" name="Record_Layout"/>
<node type="field" name="Record_Qualifier"/>
<node type="field" name="PartShipAllow"/>
<node type="field" name="DropShipFlag"/>
<node type="field" name="OperCode"/>
<node type="field" name="OperCodeEXT1"/>
<node type="field" name="CustPONum"/>
<node type="field" name="OrderDate"/>
<node type="field" name="Filler"/>
<node type="field" name="OrderTime"/>
<node type="field" name="VersionNum"/>
<node type="field" name="OrderType"/>
<node type="field" name="OrderTypeEXT1"/>
<node type="field" name="OrderCategory"/>
<node type="field" name="OrderCategoryEXT1"/>
<node type="field" name="OrigSysDocuRef"/>
<node type="field" name="OrderDateTypeCode"/>
<node type="field" name="OrderDateTypeCodeEXT1"/>
<node type="field" name="Agreement"/>
<node type="field" name="AgreementEXT1"/>
</node>
<node type="table" name="OrderHeader_1090">
<node type="field" name="TP_Code"/>
<node type="field" name="RefKey1"/>
<node type="field" name="RefKey2"/>
<node type="field" name="RefKey3"/>
<node type="field" name="RefKey4"/>
<node type="field" name="Record_Layout"/>
<node type="field" name="Record_Qualifier"/>
<node type="field" name="FOB_Point"/>
<node type="field" name="FOBPointCode"/>
<node type="field" name="FOBPointCodeEXT1"/>
<node type="field" name="FreightTerm"/>
<node type="field" name="FreightTermCode"/>
<node type="field" name="FreightTermCodeEXT1"/>
<node type="field" name="FreightTermCodeEXT2"/>
<node type="field" name="FreightTermCodeEXT3"/>
<node type="field" name="FreightTermCodeEXT4"/>
<node type="field" name="FreightTermCodeEXT5"/>
<node type="field" name="ShipPriority"/>
<node type="field" name="ShipPriorityCode"/>
<node type="field" name="ShipPriorityCodeEXT1"/>
<node type="field" name="FreiCarrierCode"/>
<node type="field" name="FreiCarrierCodeEXT1"/>
<node type="field" name="FreiCarrierCodeEXT2"/>
<node type="field" name="ShipMethCode"/>
<node type="field" name="ShipMethCodeEXT1"/>
<node type="field" name="ShipMethCodeEXT2"/>
<node type="field" name="ShipToLerAbv"/>
<node type="field" name="ShipToLerBel"/>
</node>
<node type="table" name="OrderHeader_1100">
<node type="field" name="TP_Code"/>
<node type="field" name="RefKey1"/>
<node type="field" name="RefKey2"/>
<node type="field" name="RefKey3"/>
<node type="field" name="RefKey4"/>
<node type="field" name="Record_Layout"/>
<node type="field" name="Record_Qualifier"/>
<node type="field" name="SHIPPING_INSTRUCTIONS_A"/>
<node type="field" name="SHIPPING_INSTRUCTIONS_B"/>
</node>
<node type="table" name="OrderHeader_1110">
<node type="field" name="TP_Code"/>
<node type="field" name="RefKey1"/>
<node type="field" name="RefKey2"/>
<node type="field" name="RefKey3"/>
<node type="field" name="RefKey4"/>
<node type="field" name="Record_Layout"/>
<node type="field" name="Record_Qualifier"/>
<node type="field" name="CustPODate"/>
<node type="field" name="Filler"/>
<node type="field" name="OrderTime"/>
<node type="field" name="EarliestSchdLmt"/>
<node type="field" name="LatestSchdLmt"/>
<node type="field" name="SalesRep"/>
<node type="field" name="Demand_Class"/>
<node type="field" name="Demand_Class_Code"/>
<node type="field" name="Demand_Class_CodeEXT"/>
</node>
<node type="table" name="OrderHeader_1200">
<node type="field" name="TP_Code"/>
<node type="field" name="RefKey1"/>
<node type="field" name="RefKey2"/>
<node type="field" name="RefKey3"/>
<node type="field" name="RefKey4"/>
<node type="field" name="Record_Layout"/>
<node type="field" name="Record_Qualifier"/>
<node type="field" name="Context"/>
<node type="field" name="Freight_And_Pay_Terms"/>
<node type="field" name="PO_Type"/>
<node type="field" name="PO_Facility_Number"/>
<node type="field" name="PO_Department"/>
<node type="field" name="Product_Category"/>
</node>
<node type="table" name="OrderHeader_1210">
<node type="field" name="TP_Code"/>
<node type="field" name="RefKey1"/>
<node type="field" name="RefKey2"/>
<node type="field" name="RefKey3"/>
<node type="field" name="RefKey4"/>
<node type="field" name="Record_Layout"/>
<node type="field" name="Record_Qualifier"/>
<node type="field" name="Global_Location_Number"/>
<node type="field" name="Attribute6"/>
<node type="field" name="Attribute7"/>
<node type="field" name="Attribute8"/>
<node type="field" name="Attribute9"/>
</node>
<node type="table" name="OrderHeader_1230">
<node type="field" name="TP_Code"/>
<node type="field" name="RefKey1"/>
<node type="field" name="RefKey2"/>
<node type="field" name="RefKey3"/>
<node type="field" name="RefKey4"/>
<node type="field" name="Record_Layout"/>
<node type="field" name="Record_Qualifier"/>
<node type="field" name="Global_Location_Number"/>
<node type="field" name="Attribute6"/>
<node type="field" name="Attribute7"/>
<node type="field" name="Attribute8"/>
<node type="field" name="Attribute9"/>
</node>
<node type="table" name="OrderHeader_1280">
<node type="field" name="TP_Code"/>
<node type="field" name="RefKey1"/>
<node type="field" name="GLOBAL_Attribute_1"/>
<node type="field" name="GLOBAL_Attribute_2"/>
<node type="field" name="GLOBAL_Attribute_3"/>
<node type="field" name="GLOBAL_Attribute_4"/>
</node>
<node type="table" name="OrderHeader_1290">
<node type="field" name="TP_Code"/>
<node type="field" name="RefKey4"/>
<node type="field" name="GLOBAL_Attribute_5"/>
<node type="field" name="GLOBAL_Attribute_6"/>
<node type="field" name="GLOBAL_Attribute_7"/>
<node type="field" name="GLOBAL_Attribute_8"/>
<node type="field" name="GLOBAL_Attribute_9"/>
</node>
<node type="table" name="OrderHeader_1300">
<node type="field" name="TP_Code"/>
<node type="field" name="RefKey4"/>
<node type="field" name="GLOBAL_Attribute_10"/>
<node type="field" name="GLOBAL_Attribute_11"/>
<node type="field" name="GLOBAL_Attribute_12"/>
<node type="field" name="GLOBAL_Attribute_13"/>
</node>
<node type="table" name="OrderHeader_1400">
<node type="field" name="TP_Code"/>
<node type="field" name="RefKey1"/>
<node type="field" name="RefKey2"/>
<node type="field" name="RefKey3"/>
<node type="field" name="RefKey4"/>
<node type="field" name="Record_Layout"/>
<node type="field" name="Record_Qualifier"/>
<node type="field" name="Sold_To_Add_Code"/>
<node type="field" name="Sold_To_EDI_Loc_Code"/>
<node type="field" name="Ship To Address Location Code"/>
<node type="field" name="Sold_To_Add_Name"/>
<node type="field" name="Sold_To_Add1"/>
<node type="field" name="Sold_To_Add2"/>
<node type="field" name="Sold_To_Add3"/>
<node type="field" name="Sold_To_Add4"/>
<node type="field" name="Sold_To_City"/>
<node type="field" name="Sold_To_Postal_Code"/>
<node type="field" name="Sold_To_Country_Int"/>
<node type="field" name="Sold_To_Country_Ext1"/>
<node type="field" name="Sold_To_State_Int"/>
<node type="field" name="Sold_To_State_Ext1"/>
<node type="field" name="Sold_To_Province_Int"/>
<node type="field" name="Sold_To_Province_Ext1"/>
<node type="field" name="Sold_To_County"/>
<node type="field" name="Sold_To_Org"/>
</node>
<node type="table" name="OrderHeader_1500">
<node type="field" name="TP_Code"/>
<node type="field" name="RefKey1"/>
<node type="field" name="RefKey2"/>
<node type="field" name="RefKey3"/>
<node type="field" name="RefKey4"/>
<node type="field" name="Record_Layout"/>
<node type="field" name="Record_Qualifier"/>
<node type="field" name="Ship_To_Add_Code"/>
<node type="field" name="Ship_To_EDI_Loc_Code"/>
<node type="field" name="Ship To Address Location Code"/>
<node type="field" name="Ship_To_Add_Name"/>
<node type="field" name="Ship_To_Add1"/>
<node type="field" name="Ship_To_Add2"/>
<node type="field" name="Ship_To_Add3"/>
<node type="field" name="Ship_To_Add4"/>
<node type="field" name="Ship_To_City"/>
<node type="field" name="Ship_To_Postal_Code"/>
<node type="field" name="Ship_To_Country_Int"/>
<node type="field" name="Ship_To_Country_Ext1"/>
<node type="field" name="Ship_To_State_Int"/>
<node type="field" name="Ship_To_State_Ext1"/>
<node type="field" name="Ship_To_Province_Int"/>
<node type="field" name="Ship_To_Province_Ext1"/>
<node type="field" name="Ship_To_County"/>
<node type="field" name="Ship_To_Org"/>
</node>
<node type="table" name="OrderHeader_1610">
<node type="field" name="TP_Code"/>
<node type="field" name="RefKey1"/>
<node type="field" name="RefKey2"/>
<node type="field" name="RefKey3"/>
<node type="field" name="RefKey4"/>
<node type="field" name="Record_Layout"/>
<node type="field" name="Record_Qualifier"/>
<node type="field" name="Orig_Ship_Address_Ref"/>
<node type="field" name="Orig_Bill_Address_Ref"/>
<node type="field" name="Orig_Deliver_Address_Ref"/>
<node type="field" name="Sold_To_Contact_Ref"/>
<node type="field" name="Ship_To-Contact_Ref"/>
<node type="field" name="Bill_To_Contact_Ref"/>
<node type="field" name="Deliver_To_Contact_Ref"/>
</node>
<node type="table" name="OrderHeader_1950">
<node type="field" name="TP_Code"/>
<node type="field" name="RefKey1"/>
<node type="field" name="RefKey2"/>
<node type="field" name="RefKey3"/>
<node type="field" name="RefKey4"/>
<node type="field" name="Record_Layout"/>
<node type="field" name="Record_Qualifier"/>
<node type="field" name="Orgi_Sys_Document_Ref"/>
<node type="field" name="Change_Sequence"/>
<node type="field" name="Operation_Code"/>
<node type="field" name="Operation_Code_Ext"/>
<node type="field" name="Hold_Until_Date"/>
<node type="field" name="Hold_Type_Code"/>
<node type="field" name="Hold_Type_Code_Ext"/>
<node type="field" name="Release_Reason_Code"/>
<node type="field" name="Release_Reason_Code_Ext"/>
<node type="field" name="Comments"/>
<node type="field" name="Sold_to_Org_Id"/>
<node type="field" name="Sold_to_Org1"/>
<node type="field" name="Sold_to_Org2"/>
</node>
<node type="table" name="OrderHeader_1992">
<node type="field" name="TP_Code"/>
<node type="field" name="RefKey1"/>
<node type="field" name="RefKey2"/>
<node type="field" name="RefKey3"/>
<node type="field" name="RefKey4"/>
<node type="field" name="Record_Layout"/>
<node type="field" name="Record_Qualifier"/>
<node type="field" name="Customer_Info_Type_Code"/>
<node type="field" name="Is_Ship_To_Address"/>
<node type="field" name="Is_Bill_To_Address"/>
<node type="field" name="Is_Deliver_To_Address"/>
<node type="field" name="Customer_Type"/>
<node type="field" name="Customer_Number"/>
<node type="field" name="Customer_Info_Ref"/>
<node type="field" name="Current_Customer_Number"/>
<node type="field" name="Current_Customer_Id"/>
<node type="field" name="Party_Number"/>
<node type="field" name="Parent_Customer_Ref"/>
<node type="field" name="Org_Id"/>
</node>
<node type="table" name="OrderHeader_1994">
<node type="field" name="TP_Code"/>
<node type="field" name="RefKey1"/>
<node type="field" name="RefKey2"/>
<node type="field" name="RefKey3"/>
<node type="field" name="RefKey4"/>
<node type="field" name="Record_Layout"/>
<node type="field" name="Record_Qualifier"/>
<node type="field" name="Organization_Name"/>
<node type="field" name="Person_Title"/>
<node type="field" name="Person_First_Name"/>
<node type="field" name="Person_Middle_Name"/>
<node type="field" name="Person_Last_Name"/>
<node type="field" name="Person_Name_Suffix"/>
<node type="field" name="Phone_Country_Code"/>
<node type="field" name="Phone_Area_Code"/>
<node type="field" name="Phone_Number"/>
<node type="field" name="Phone_Extension"/>
<node type="field" name="Email_address"/>
</node>
<node type="table" name="OrderHeaderCustomer_1992">
<node type="field" name="TP_Code"/>
<node type="field" name="RefKey1"/>
<node type="field" name="RefKey2"/>
<node type="field" name="RefKey3"/>
<node type="field" name="RefKey4"/>
<node type="field" name="Record_Layout"/>
<node type="field" name="Record_Qualifier"/>
<node type="field" name="Customer_Info_Type_Code"/>
<node type="field" name="Is_Ship_To_Address"/>
<node type="field" name="Is_Bill_To_Address"/>
<node type="field" name="Is_Deliver_To_Address"/>
<node type="field" name="Customer_Type"/>
<node type="field" name="Customer_Number"/>
<node type="field" name="Customer_Info_Ref"/>
<node type="field" name="Current_Customer_Number"/>
<node type="field" name="Current_Customer_Id"/>
<node type="field" name="Party_Number"/>
<node type="field" name="Parent_Customer_Ref"/>
<node type="field" name="Org_Id"/>
</node>
<node type="table" name="OrderHeaderCustomer_1993">
<node type="field" name="TP_Code"/>
<node type="field" name="RefKey1"/>
<node type="field" name="RefKey2"/>
<node type="field" name="RefKey3"/>
<node type="field" name="RefKey4"/>
<node type="field" name="Record_Layout"/>
<node type="field" name="Record_Qualifier"/>
<node type="field" name="Location_Number"/>
<node type="field" name="EDI_Location_Code"/>
<node type="field" name="Name"/>
<node type="field" name="Address1"/>
<node type="field" name="Address2"/>
<node type="field" name="Address3"/>
<node type="field" name="Address4"/>
<node type="field" name="City"/>
<node type="field" name="Postal_Code"/>
<node type="field" name="County"/>
<node type="field" name="County_Ext1"/>
<node type="field" name="State"/>
<node type="field" name="State_Ext1"/>
<node type="field" name="Province"/>
<node type="field" name="Province_Ext1"/>
<node type="field" name="Country"/>
<node type="field" name="Site_Number"/>
</node>
<node type="table" name="OrderDetail_2000">
<node type="field" name="TP_Code"/>
<node type="field" name="RefKey1"/>
<node type="field" name="RefKey4"/>
<node type="field" name="RefKey2"/>
<node type="field" name="RefKey3"/>
<node type="field" name="Record_Layout"/>
<node type="field" name="Record_Qualifier"/>
<node type="field" name="CustomerLineNum"/>
<node type="field" name="LineNumber"/>
<node type="field" name="IglooItemNum"/>
<node type="field" name="ItemRevision"/>
<node type="field" name="CustItemName"/>
<node type="field" name="CustItemRevision"/>
<node type="field" name="CustItemIDType"/>
<node type="field" name="CustItemIDTypeExt1"/>
<node type="field" name="OrigSysDocRef"/>
<node type="field" name="OrigSysLineRef"/>
<node type="table" name="OrderDetail_3000">
<node type="field" name="TP_Code"/>
<node type="field" name="RefKey1"/>
<node type="field" name="RefKey2"/>
<node type="field" name="RefKey3"/>
<node type="field" name="RefKey4"/>
<node type="field" name="Record_Layout"/>
<node type="field" name="Record_Qualifier"/>
<node type="field" name="CalcPriceFlag"/>
<node type="field" name="PriceQuant"/>
<node type="field" name="PriceQuantUOM"/>
<node type="field" name="PriceQuantUOExt1"/>
<node type="field" name="CustItemNetPrice"/>
<node type="field" name="UnitListPrice"/>
<node type="field" name="UnitSellingPrice"/>
<node type="field" name="UnitPerBasePrice"/>
<node type="field" name="UnitSellingPerc"/>
<node type="field" name="UnitListPerc"/>
<node type="field" name="PricingDate"/>
<node type="field" name="Filler"/>
<node type="field" name="PricingTime"/>
<node type="field" name="PriceList"/>
<node type="field" name="PriceListExt1"/>
<node type="field" name="Agreement"/>
<node type="field" name="EndItemUnitNum"/>
<node type="field" name="SourceTypeCode"/>
<node type="field" name="OptionFlag"/>
<node type="field" name="TopModelLineRef"/>
<node type="field" name="LinkToLineRef"/>
<node type="field" name="ModelGroupNum"/>
<node type="field" name="OptionNum"/>
<node type="field" name="ComponentCode"/>
<node type="field" name="SortOrder"/>
</node>
<node type="table" name="OrderItem_4000">
<node type="field" name="TP_Code"/>
<node type="field" name="RefKey1"/>
<node type="field" name="RefKey2"/>
<node type="field" name="RefKey3"/>
<node type="field" name="RefKey4"/>
<node type="field" name="Record_Layout"/>
<node type="field" name="Record_Qualifier"/>
<node type="field" name="Ship_Model_Complete"/>
<node type="field" name="Authorized_To_Ship_Flag"/>
<node type="field" name="Shipment_Number"/>
<node type="field" name="Customer_Shipment_No"/>
<node type="field" name="Orig_Sys_Shipment_Ref"/>
<node type="field" name="Request_Date"/>
<node type="field" name="Req_Date_Filler"/>
<node type="field" name="Req_Date_Time"/>
<node type="field" name="Schedule_ArrivalQ_Date"/>
<node type="field" name="Sched_Date_Filler"/>
<node type="field" name="Sched_Date_Time"/>
<node type="field" name="Sched_Ship_Date"/>
<node type="field" name="Sched_Ship_Date_Filler"/>
<node type="field" name="Sched_Ship_Date_Time"/>
<node type="field" name="Promise_Date1"/>
<node type="field" name="Promise_Date_Filler"/>
<node type="field" name="Promise_Date_Time"/>
<node type="field" name="Ordered_Quantity"/>
<node type="field" name="Order_Quantitiy_UOM"/>
<node type="field" name="Order_Quantitiy_UOM_Ext1"/>
<node type="field" name="Ordered_Quantity2"/>
<node type="field" name="Ordered_Quantity_UOM2"/>
<node type="field" name="Ordered_Qty_UOM2_Ext1"/>
<node type="field" name="Shipped_Quantity"/>
<node type="field" name="Shipped_Quantity2"/>
<node type="field" name="Reference_Header"/>
<node type="field" name="Reference_Line"/>
<node type="field" name="Reference_Type"/>
<node type="field" name="Cust_Model_Serial_Number"/>
<node type="field" name="SalesRep"/>
</node>
<node type="table" name="OrderItem_4010">
<node type="field" name="TP_Code"/>
<node type="field" name="RefKey1"/>
<node type="field" name="RefKey2"/>
<node type="field" name="RefKey3"/>
<node type="field" name="RefKey4"/>
<node type="field" name="Record_Layout"/>
<node type="field" name="Record_Qualifier"/>
<node type="field" name="ShippingInstructions"/>
<node type="field" name="Packing Instructions"/>
<node type="field" name="TP_Code"/>
<node type="field" name="RefKey1"/>
<node type="field" name="RefKey2"/>
<node type="field" name="RefKey3"/>
<node type="field" name="RefKey4"/>
<node type="field" name="Record_Layout"/>
<node type="field" name="Record_Qualifier"/>
<node type="field" name="Line_PO_Context"/>
<node type="field" name="ReleasedToShipping"/>
<node type="field" name="DeliverNotAfterDate"/>
</node>
<node type="table" name="OrderItem_4200">
<node type="field" name="UPC_Number"/>
<node type="field" name="CustomerItemNumber"/>
<node type="field" name="GTIN"/>
<node type="field" name="TP_Code"/>
<node type="field" name="RefKey1"/>
<node type="field" name="RefKey2"/>
<node type="field" name="RefKey3"/>
</node>
<node type="table" name="OrderItem_4210">
<node type="field" name="TP_Code"/>
<node type="field" name="RefKey1"/>
<node type="field" name="RefKey2"/>
<node type="field" name="RefKey3"/>
<node type="field" name="RefKey4"/>
<node type="field" name="Record_Layout"/>
<node type="field" name="Record_Qualifier"/>
<node type="field" name="Item_Description"/>
<node type="field" name="RRC"/>
<node type="field" name="ProductItemNumber"/>
<node type="field" name="PID"/>
<node type="field" name="Attribute6"/>
<node type="field" name="Attribute7"/>
<node type="field" name="Attribute8"/>
<node type="field" name="Attribute9"/>
</node>
<node type="table" name="OrderItem_4220">
<node type="field" name="TP_Code"/>
<node type="field" name="RefKey1"/>
<node type="field" name="RefKey2"/>
<node type="field" name="RefKey3"/>
<node type="field" name="RefKey4"/>
<node type="field" name="Record_Layout"/>
<node type="field" name="Record_Qualifier"/>
<node type="field" name="Attribute10"/>
<node type="field" name="Attribute11"/>
<node type="field" name="Attribute12"/>
<node type="field" name="Attribute13"/>
<node type="field" name="Attribute14"/>
</node>
<node type="table" name="OrderItem_4230">
<node type="field" name="TP_Code"/>
<node type="field" name="RefKey1"/>
<node type="field" name="RefKey2"/>
<node type="field" name="RefKey3"/>
<node type="field" name="RefKey4"/>
<node type="field" name="Record_Layout"/>
<node type="field" name="Record_Qualifier"/>
<node type="field" name="Attribute15"/>
<node type="field" name="Attribute16"/>
<node type="field" name="Attribute17"/>
<node type="field" name="Attribute18"/>
<node type="field" name="Attribute19"/>
</node>
<node type="table" name="OrderItem_4300">
<node type="field" name="TP_Code"/>
<node type="field" name="RefKey1"/>
<node type="field" name="RefKey2"/>
<node type="field" name="RefKey3"/>
<node type="field" name="RefKey4"/>
<node type="field" name="INDUSTRY_Attribute_4"/>
</node>
<node type="table" name="OrderItem_4310">
<node type="field" name="TP_Code"/>
<node type="field" name="RefKey1"/>
<node type="field" name="RefKey2"/>
<node type="field" name="OH_GLOBAL_ATTRIBUTE5"/>
<node type="field" name="OH_GLOBAL_ATTRIBUTE6"/>
<node type="field" name="OH_GLOBAL_ATTRIBUTE7"/>
<node type="field" name="OH_GLOBAL_ATTRIBUTE8"/>
<node type="field" name="OH_GLOBAL_ATTRIBUTE9"/>
</node>
<node type="table" name="OrderItem_4320">
<node type="field" name="TP_Code"/>
<node type="field" name="RefKey1"/>
<node type="field" name="RefKey2"/>
<node type="field" name="OH_GLOBAL_ATTRIBUTE10"/>
<node type="field" name="OH_GLOBAL_ATTRIBUTE11"/>
<node type="field" name="OH_GLOBAL_ATTRIBUTE12"/>
<node type="field" name="OH_GLOBAL_ATTRIBUTE13"/>
<node type="field" name="OH_GLOBAL_ATTRIBUTE14"/>
</node>
<node type="table" name="OrderItem_4500">
<node type="field" name="TP_Code"/>
<node type="field" name="RefKey1"/>
<node type="field" name="RefKey2"/>
<node type="field" name="RefKey3"/>
<node type="field" name="RefKey4"/>
<node type="field" name="Record_Layout"/>
<node type="field" name="Record_Qualifier"/>
<node type="field" name="INDUSTRY_Context"/>
<node type="field" name="INDUSTRY_Attribute_1"/>
<node type="field" name="INDUSTRY_Attribute_2"/>
<node type="field" name="INDUSTRY_Attribute_3"/>
<node type="field" name="INDUSTRY_Attribute_4"/>
</node>
<node type="table" name="OrderItem_4510">
<node type="field" name="TP_Code"/>
<node type="field" name="RefKey1"/>
<node type="field" name="RefKey2"/>
<node type="field" name="RefKey3"/>
<node type="field" name="RefKey4"/>
<node type="field" name="Record_Layout"/>
<node type="field" name="Record_Qualifier"/>
<node type="field" name="INDUSTRY_Attribute5"/>
<node type="field" name="INDUSTRY_Attribute6"/>
<node type="field" name="INDUSTRY_Attribute7"/>
<node type="field" name="INDUSTRY_Attribute8"/>
</node>
<node type="table" name="OrderHeader_4800">
<node type="field" name="TP_Code"/>
<node type="field" name="RefKey1"/>
<node type="field" name="RefKey2"/>
<node type="field" name="RefKey3"/>
<node type="field" name="RefKey4"/>
<node type="field" name="Record_Layout"/>
<node type="field" name="Record_Qualifier"/>
<node type="field" name="Record_ID"/>
<node type="field" name="Ship_To_EDI_Loc_Code3"/>
<node type="field" name="Ship To Address Location Code"/>
<node type="field" name="Ship_To_Add_Name"/>
<node type="field" name="Ship_To_Add1"/>
<node type="field" name="Ship_To_Add2"/>
<node type="field" name="Ship_To_Add3"/>
<node type="field" name="Ship_To_Add4"/>
<node type="field" name="Ship_To_City"/>
<node type="field" name="Ship_To_Postal_Code"/>
<node type="field" name="Ship_To_Country_Int"/>
<node type="field" name="Ship_To_Country_Ext1"/>
<node type="field" name="Ship_To_State_Int"/>
<node type="field" name="Ship_To_State_Ext1"/>
<node type="field" name="Ship_To_Province_Int"/>
<node type="field" name="Ship_To_Province_Ext1"/>
<node type="field" name="Ship_To_County"/>
<node type="field" name="Ship_To_Org"/>
<node type="field" name="Customer_Dock"/>
<node type="field" name="Cust_Dock_Code_Int"/>
<node type="field" name="Cust_Dock_Code_Ext1"/>
<node type="field" name="Load_Seq_Number"/>
<node type="field" name="Customer_Production_Line"/>
</node>
<node type="table" name="OrderCustomer_9202">
<node type="field" name="TP_Code"/>
<node type="field" name="RefKey1"/>
<node type="field" name="RefKey2"/>
<node type="field" name="RefKey3"/>
<node type="field" name="RefKey4"/>
<node type="field" name="Record_Layout"/>
<node type="field" name="Record_Qualifier"/>
<node type="field" name="Customer_Info_Type_Code"/>
<node type="field" name="Is_Ship_To_Address"/>
<node type="field" name="Is_Bill_To_Address"/>
<node type="field" name="Is_Deliver_To_Address"/>
<node type="field" name="Customer_Type"/>
<node type="field" name="Customer_Number"/>
<node type="field" name="Customer_Info_Ref"/>
<node type="field" name="Current_Customer_Number"/>
<node type="field" name="Current_Customer_Id"/>
<node type="field" name="Party_Number"/>
<node type="field" name="Parent_Customer_Ref"/>
<node type="field" name="Org_Id"/>
</node>
<node type="table" name="OrderCustomer_9204">
<node type="field" name="TP_Code"/>
<node type="field" name="RefKey1"/>
<node type="field" name="RefKey2"/>
<node type="field" name="RefKey3"/>
<node type="field" name="RefKey4"/>
<node type="field" name="Record_Layout"/>
<node type="field" name="Record_Qualifier"/>
<node type="field" name="Organization_Name"/>
<node type="field" name="Person_Title"/>
<node type="field" name="Person_First_Name"/>
<node type="field" name="Person_Middle_Name"/>
<node type="field" name="Person_Last_Name"/>
<node type="field" name="Person_Name_Suffix"/>
<node type="field" name="Phone_Country_Code"/>
<node type="field" name="Phone_Area_Code"/>
<node type="field" name="Phone_Number"/>
<node type="field" name="Phone_Extension"/>
<node type="field" name="Email_address"/>
</node>
<node type="table" name="OrderCustomer_9202_ADDRESS">
<node type="field" name="TP_Code"/>
<node type="field" name="RefKey1"/>
<node type="field" name="RefKey2"/>
<node type="field" name="RefKey3"/>
<node type="field" name="RefKey4"/>
<node type="field" name="Record_Layout"/>
<node type="field" name="Record_Qualifier"/>
<node type="field" name="Customer_Info_Type_Code"/>
<node type="field" name="Is_Ship_To_Address"/>
<node type="field" name="Is_Bill_To_Address"/>
<node type="field" name="Is_Deliver_To_Address"/>
<node type="field" name="Customer_Type"/>
<node type="field" name="Customer_Number"/>
<node type="field" name="Customer_Info_Ref"/>
<node type="field" name="Current_Customer_Number"/>
<node type="field" name="Current_Customer_Id"/>
<node type="field" name="Party_Number"/>
<node type="field" name="Parent_Customer_Ref"/>
<node type="field" name="Org_Id"/>
<node type="field" name="Org_Id"/>
</node>
<node type="table" name="OrderCustomer_9203">
<node type="field" name="TP_Code"/>
<node type="field" name="RefKey1"/>
<node type="field" name="RefKey2"/>
<node type="field" name="RefKey3"/>
<node type="field" name="RefKey4"/>
<node type="field" name="Record_Layout"/>
<node type="field" name="Record_Qualifier"/>
<node type="field" name="Location_Number"/>
<node type="field" name="EDI_Location_Code"/>
<node type="field" name="Name"/>
<node type="field" name="Address1"/>
<node type="field" name="Address2"/>
<node type="field" name="Address3"/>
<node type="field" name="Address4"/>
<node type="field" name="City"/>
<node type="field" name="Postal_Code"/>
<node type="field" name="County"/>
<node type="field" name="County_Ext1"/>
<node type="field" name="State"/>
<node type="field" name="State_Ext1"/>
<node type="field" name="Province"/>
<node type="field" name="Province_Ext1"/>
<node type="field" name="Country"/>
<node type="field" name="Site_Number"/>
</node>
</node>
</node>
</doc>
</xmap>